"ProductorID","Nombre","Departamento","Rol"
"P001","Carlos Martínez","Lempira","caficultor"
"P002","María Sánchez","Intibucá","caficultor"
"P003","José Hernández","Santa Bárbara","caficultor"
"P004","Ana López","Comayagua","caficultor"
"P005","Luis Mejía","Lempira","caficultor"
"P006","Rosa Aguilar","Intibucá","caficultor"
"P007","Miguel Cruz","Santa Bárbara","caficultor"
"P008","Elena Flores","Comayagua","caficultor"
"P101","Tostadora Capital","Francisco Morazán","comprador"
"P102","Café Centro","Cortés","comprador"
"P103","Hotel Montaña","Intibucá","comprador"
"P104","Exportadora Norte","Cortés","comprador"