"PedidoID","Fecha","CompradorID","Comprador","VendedorID","Vendedor","FincaID","Finca","Departamento","LoteID","Variedad","Beneficio","Calidad","Sacos","PrecioHNL","TotalHNL","EstadoPedido","MetodoPago","EstadoPago"
"PED001","2026-01-02","P101","Tostadora Capital","P001","Carlos Martínez","F001","Finca El Paraíso","Lempira","L001","Lempira","humedo","estricto","5","1580","7900","cancelado","ACH","rechazado"
"PED002","2026-01-09","P102","Café Centro","P002","María Sánchez","F002","Finca Las Colinas","Intibucá","L002","Catuaí Rojo","seco","convencional","8","1580","12640","entregado","BAC","aprobado"
"PED003","2026-01-16","P103","Hotel Montaña","P003","José Hernández","F003","Finca El Roble","Santa Bárbara","L003","Ihcafe 90","humedo","estricto","8","1940","15520","entregado","QR","aprobado"
"PED004","2026-01-23","P104","Exportadora Norte","P004","Ana López","F004","Finca La Esperanza","Comayagua","L004","Bourbón","seco","convencional","9","1940","17460","entregado","Efectivo","aprobado"
"PED005","2026-01-05","P101","Tostadora Capital","P005","Luis Mejía","F005","Finca El Manantial","Lempira","L005","Pacas","humedo","estricto","7","1580","11060","entregado","ACH","aprobado"
"PED006","2026-01-12","P102","Café Centro","P006","Rosa Aguilar","F006","Finca Buenavista","Intibucá","L006","Parainema","seco","convencional","3","1580","4740","en_ruta","BAC","aprobado"
"PED007","2026-01-19","P103","Hotel Montaña","P007","Miguel Cruz","F007","Finca La Cumbre","Santa Bárbara","L007","Caturra","humedo","estricto","3","1940","5820","entregado","QR","aprobado"
"PED008","2026-01-26","P104","Exportadora Norte","P008","Elena Flores","F008","Finca Los Pinos","Comayagua","L008","Obatá","seco","convencional","8","1940","15520","pendiente","Efectivo","pendiente"
"PED009","2026-01-08","P101","Tostadora Capital","P001","Carlos Martínez","F001","Finca El Paraíso","Lempira","L001","Lempira","humedo","estricto","2","1580","3160","entregado","ACH","aprobado"
"PED010","2026-01-15","P102","Café Centro","P002","María Sánchez","F002","Finca Las Colinas","Intibucá","L002","Catuaí Rojo","seco","convencional","2","1580","3160","entregado","BAC","aprobado"
"PED011","2026-01-22","P103","Hotel Montaña","P003","José Hernández","F003","Finca El Roble","Santa Bárbara","L003","Ihcafe 90","humedo","estricto","6","1940","11640","en_ruta","QR","aprobado"
"PED012","2026-01-04","P104","Exportadora Norte","P004","Ana López","F004","Finca La Esperanza","Comayagua","L004","Bourbón","seco","convencional","8","1940","15520","entregado","Efectivo","aprobado"
"PED013","2026-01-11","P101","Tostadora Capital","P005","Luis Mejía","F005","Finca El Manantial","Lempira","L005","Pacas","humedo","estricto","4","1580","6320","entregado","ACH","aprobado"
"PED014","2026-01-18","P102","Café Centro","P006","Rosa Aguilar","F006","Finca Buenavista","Intibucá","L006","Parainema","seco","convencional","4","1580","6320","cancelado","BAC","rechazado"
"PED015","2026-01-25","P103","Hotel Montaña","P007","Miguel Cruz","F007","Finca La Cumbre","Santa Bárbara","L007","Caturra","humedo","estricto","5","1940","9700","pendiente","QR","pendiente"
"PED016","2026-01-07","P104","Exportadora Norte","P008","Elena Flores","F008","Finca Los Pinos","Comayagua","L008","Obatá","seco","convencional","2","1940","3880","en_ruta","Efectivo","aprobado"
"PED017","2026-01-14","P101","Tostadora Capital","P001","Carlos Martínez","F001","Finca El Paraíso","Lempira","L001","Lempira","humedo","estricto","9","1580","14220","entregado","ACH","aprobado"
"PED018","2026-01-21","P102","Café Centro","P002","María Sánchez","F002","Finca Las Colinas","Intibucá","L002","Catuaí Rojo","seco","convencional","5","1580","7900","entregado","BAC","aprobado"
"PED019","2026-02-03","P103","Hotel Montaña","P003","José Hernández","F003","Finca El Roble","Santa Bárbara","L003","Ihcafe 90","humedo","estricto","2","1940","3880","entregado","QR","aprobado"
"PED020","2026-02-10","P104","Exportadora Norte","P004","Ana López","F004","Finca La Esperanza","Comayagua","L004","Bourbón","seco","convencional","7","1940","13580","entregado","Efectivo","aprobado"
"PED021","2026-02-17","P101","Tostadora Capital","P005","Luis Mejía","F005","Finca El Manantial","Lempira","L005","Pacas","humedo","estricto","10","1580","15800","en_ruta","ACH","aprobado"
"PED022","2026-02-24","P102","Café Centro","P006","Rosa Aguilar","F006","Finca Buenavista","Intibucá","L006","Parainema","seco","convencional","8","1580","12640","pendiente","BAC","pendiente"
"PED023","2026-02-06","P103","Hotel Montaña","P007","Miguel Cruz","F007","Finca La Cumbre","Santa Bárbara","L007","Caturra","humedo","estricto","10","1940","19400","entregado","QR","aprobado"
"PED024","2026-02-13","P104","Exportadora Norte","P008","Elena Flores","F008","Finca Los Pinos","Comayagua","L008","Obatá","seco","convencional","2","1940","3880","entregado","Efectivo","aprobado"
"PED025","2026-02-20","P101","Tostadora Capital","P001","Carlos Martínez","F001","Finca El Paraíso","Lempira","L001","Lempira","humedo","estricto","3","1580","4740","entregado","ACH","aprobado"
"PED026","2026-02-02","P102","Café Centro","P002","María Sánchez","F002","Finca Las Colinas","Intibucá","L002","Catuaí Rojo","seco","convencional","3","1580","4740","en_ruta","BAC","aprobado"
"PED027","2026-02-09","P103","Hotel Montaña","P003","José Hernández","F003","Finca El Roble","Santa Bárbara","L003","Ihcafe 90","humedo","estricto","10","1940","19400","cancelado","QR","rechazado"
"PED028","2026-02-16","P104","Exportadora Norte","P004","Ana López","F004","Finca La Esperanza","Comayagua","L004","Bourbón","seco","convencional","8","1940","15520","entregado","Efectivo","aprobado"
"PED029","2026-02-23","P101","Tostadora Capital","P005","Luis Mejía","F005","Finca El Manantial","Lempira","L005","Pacas","humedo","estricto","7","1580","11060","pendiente","ACH","pendiente"
"PED030","2026-02-05","P102","Café Centro","P006","Rosa Aguilar","F006","Finca Buenavista","Intibucá","L006","Parainema","seco","convencional","7","1580","11060","entregado","BAC","aprobado"
"PED031","2026-02-12","P103","Hotel Montaña","P007","Miguel Cruz","F007","Finca La Cumbre","Santa Bárbara","L007","Caturra","humedo","estricto","10","1940","19400","en_ruta","QR","aprobado"
"PED032","2026-02-19","P104","Exportadora Norte","P008","Elena Flores","F008","Finca Los Pinos","Comayagua","L008","Obatá","seco","convencional","7","1940","13580","entregado","Efectivo","aprobado"
"PED033","2026-02-26","P101","Tostadora Capital","P001","Carlos Martínez","F001","Finca El Paraíso","Lempira","L001","Lempira","humedo","estricto","8","1580","12640","entregado","ACH","aprobado"
"PED034","2026-02-08","P102","Café Centro","P002","María Sánchez","F002","Finca Las Colinas","Intibucá","L002","Catuaí Rojo","seco","convencional","9","1580","14220","entregado","BAC","aprobado"
"PED035","2026-02-15","P103","Hotel Montaña","P003","José Hernández","F003","Finca El Roble","Santa Bárbara","L003","Ihcafe 90","humedo","estricto","9","1940","17460","entregado","QR","aprobado"
"PED036","2026-02-22","P104","Exportadora Norte","P004","Ana López","F004","Finca La Esperanza","Comayagua","L004","Bourbón","seco","convencional","4","1940","7760","pendiente","Efectivo","pendiente"
"PED037","2026-03-04","P101","Tostadora Capital","P005","Luis Mejía","F005","Finca El Manantial","Lempira","L005","Pacas","humedo","estricto","8","1580","12640","entregado","ACH","aprobado"
"PED038","2026-03-11","P102","Café Centro","P006","Rosa Aguilar","F006","Finca Buenavista","Intibucá","L006","Parainema","seco","convencional","6","1580","9480","entregado","BAC","aprobado"
"PED039","2026-03-18","P103","Hotel Montaña","P007","Miguel Cruz","F007","Finca La Cumbre","Santa Bárbara","L007","Caturra","humedo","estricto","10","1940","19400","entregado","QR","aprobado"
"PED040","2026-03-25","P104","Exportadora Norte","P008","Elena Flores","F008","Finca Los Pinos","Comayagua","L008","Obatá","seco","convencional","2","1940","3880","cancelado","Efectivo","rechazado"
"PED041","2026-03-07","P101","Tostadora Capital","P001","Carlos Martínez","F001","Finca El Paraíso","Lempira","L001","Lempira","humedo","estricto","3","1580","4740","en_ruta","ACH","aprobado"
"PED042","2026-03-14","P102","Café Centro","P002","María Sánchez","F002","Finca Las Colinas","Intibucá","L002","Catuaí Rojo","seco","convencional","7","1580","11060","entregado","BAC","aprobado"
"PED043","2026-03-21","P103","Hotel Montaña","P003","José Hernández","F003","Finca El Roble","Santa Bárbara","L003","Ihcafe 90","humedo","estricto","7","1940","13580","pendiente","QR","pendiente"
"PED044","2026-03-03","P104","Exportadora Norte","P004","Ana López","F004","Finca La Esperanza","Comayagua","L004","Bourbón","seco","convencional","2","1940","3880","entregado","Efectivo","aprobado"
"PED045","2026-03-10","P101","Tostadora Capital","P005","Luis Mejía","F005","Finca El Manantial","Lempira","L005","Pacas","humedo","estricto","7","1580","11060","entregado","ACH","aprobado"
"PED046","2026-03-17","P102","Café Centro","P006","Rosa Aguilar","F006","Finca Buenavista","Intibucá","L006","Parainema","seco","convencional","6","1580","9480","en_ruta","BAC","aprobado"
"PED047","2026-03-24","P103","Hotel Montaña","P007","Miguel Cruz","F007","Finca La Cumbre","Santa Bárbara","L007","Caturra","humedo","estricto","6","1940","11640","entregado","QR","aprobado"
"PED048","2026-03-06","P104","Exportadora Norte","P008","Elena Flores","F008","Finca Los Pinos","Comayagua","L008","Obatá","seco","convencional","6","1940","11640","entregado","Efectivo","aprobado"
"PED049","2026-03-13","P101","Tostadora Capital","P001","Carlos Martínez","F001","Finca El Paraíso","Lempira","L001","Lempira","humedo","estricto","10","1580","15800","entregado","ACH","aprobado"
"PED050","2026-03-20","P102","Café Centro","P002","María Sánchez","F002","Finca Las Colinas","Intibucá","L002","Catuaí Rojo","seco","convencional","5","1580","7900","pendiente","BAC","pendiente"
"PED051","2026-03-02","P103","Hotel Montaña","P003","José Hernández","F003","Finca El Roble","Santa Bárbara","L003","Ihcafe 90","humedo","estricto","7","1940","13580","en_ruta","QR","aprobado"
"PED052","2026-03-09","P104","Exportadora Norte","P004","Ana López","F004","Finca La Esperanza","Comayagua","L004","Bourbón","seco","convencional","2","1940","3880","entregado","Efectivo","aprobado"
"PED053","2026-03-16","P101","Tostadora Capital","P005","Luis Mejía","F005","Finca El Manantial","Lempira","L005","Pacas","humedo","estricto","6","1580","9480","cancelado","ACH","rechazado"
"PED054","2026-03-23","P102","Café Centro","P006","Rosa Aguilar","F006","Finca Buenavista","Intibucá","L006","Parainema","seco","convencional","10","1580","15800","entregado","BAC","aprobado"
"PED055","2026-04-05","P103","Hotel Montaña","P007","Miguel Cruz","F007","Finca La Cumbre","Santa Bárbara","L007","Caturra","humedo","estricto","8","1940","15520","entregado","QR","aprobado"
"PED056","2026-04-12","P104","Exportadora Norte","P008","Elena Flores","F008","Finca Los Pinos","Comayagua","L008","Obatá","seco","convencional","10","1940","19400","en_ruta","Efectivo","aprobado"
"PED057","2026-04-19","P101","Tostadora Capital","P001","Carlos Martínez","F001","Finca El Paraíso","Lempira","L001","Lempira","humedo","estricto","2","1580","3160","pendiente","ACH","pendiente"
"PED058","2026-04-26","P102","Café Centro","P002","María Sánchez","F002","Finca Las Colinas","Intibucá","L002","Catuaí Rojo","seco","convencional","5","1580","7900","entregado","BAC","aprobado"
"PED059","2026-04-08","P103","Hotel Montaña","P003","José Hernández","F003","Finca El Roble","Santa Bárbara","L003","Ihcafe 90","humedo","estricto","9","1940","17460","entregado","QR","aprobado"
"PED060","2026-04-15","P104","Exportadora Norte","P004","Ana López","F004","Finca La Esperanza","Comayagua","L004","Bourbón","seco","convencional","5","1940","9700","entregado","Efectivo","aprobado"
"PED061","2026-04-22","P101","Tostadora Capital","P005","Luis Mejía","F005","Finca El Manantial","Lempira","L005","Pacas","humedo","estricto","4","1580","6320","en_ruta","ACH","aprobado"
"PED062","2026-04-04","P102","Café Centro","P006","Rosa Aguilar","F006","Finca Buenavista","Intibucá","L006","Parainema","seco","convencional","9","1580","14220","entregado","BAC","aprobado"
"PED063","2026-04-11","P103","Hotel Montaña","P007","Miguel Cruz","F007","Finca La Cumbre","Santa Bárbara","L007","Caturra","humedo","estricto","6","1940","11640","entregado","QR","aprobado"
"PED064","2026-04-18","P104","Exportadora Norte","P008","Elena Flores","F008","Finca Los Pinos","Comayagua","L008","Obatá","seco","convencional","2","1940","3880","pendiente","Efectivo","pendiente"
"PED065","2026-04-25","P101","Tostadora Capital","P001","Carlos Martínez","F001","Finca El Paraíso","Lempira","L001","Lempira","humedo","estricto","5","1580","7900","entregado","ACH","aprobado"
"PED066","2026-04-07","P102","Café Centro","P002","María Sánchez","F002","Finca Las Colinas","Intibucá","L002","Catuaí Rojo","seco","convencional","10","1580","15800","cancelado","BAC","rechazado"
"PED067","2026-04-14","P103","Hotel Montaña","P003","José Hernández","F003","Finca El Roble","Santa Bárbara","L003","Ihcafe 90","humedo","estricto","8","1940","15520","entregado","QR","aprobado"
"PED068","2026-04-21","P104","Exportadora Norte","P004","Ana López","F004","Finca La Esperanza","Comayagua","L004","Bourbón","seco","convencional","5","1940","9700","entregado","Efectivo","aprobado"
"PED069","2026-04-03","P101","Tostadora Capital","P005","Luis Mejía","F005","Finca El Manantial","Lempira","L005","Pacas","humedo","estricto","5","1580","7900","entregado","ACH","aprobado"
"PED070","2026-04-10","P102","Café Centro","P006","Rosa Aguilar","F006","Finca Buenavista","Intibucá","L006","Parainema","seco","convencional","10","1580","15800","entregado","BAC","aprobado"
"PED071","2026-04-17","P103","Hotel Montaña","P007","Miguel Cruz","F007","Finca La Cumbre","Santa Bárbara","L007","Caturra","humedo","estricto","10","1940","19400","pendiente","QR","pendiente"
"PED072","2026-04-24","P104","Exportadora Norte","P008","Elena Flores","F008","Finca Los Pinos","Comayagua","L008","Obatá","seco","convencional","10","1940","19400","entregado","Efectivo","aprobado"
"PED073","2026-05-06","P101","Tostadora Capital","P001","Carlos Martínez","F001","Finca El Paraíso","Lempira","L001","Lempira","humedo","estricto","3","1580","4740","entregado","ACH","aprobado"
"PED074","2026-05-13","P102","Café Centro","P002","María Sánchez","F002","Finca Las Colinas","Intibucá","L002","Catuaí Rojo","seco","convencional","4","1580","6320","entregado","BAC","aprobado"
"PED075","2026-05-20","P103","Hotel Montaña","P003","José Hernández","F003","Finca El Roble","Santa Bárbara","L003","Ihcafe 90","humedo","estricto","10","1940","19400","entregado","QR","aprobado"
"PED076","2026-05-02","P104","Exportadora Norte","P004","Ana López","F004","Finca La Esperanza","Comayagua","L004","Bourbón","seco","convencional","2","1940","3880","en_ruta","Efectivo","aprobado"
"PED077","2026-05-09","P101","Tostadora Capital","P005","Luis Mejía","F005","Finca El Manantial","Lempira","L005","Pacas","humedo","estricto","2","1580","3160","entregado","ACH","aprobado"
"PED078","2026-05-16","P102","Café Centro","P006","Rosa Aguilar","F006","Finca Buenavista","Intibucá","L006","Parainema","seco","convencional","10","1580","15800","pendiente","BAC","pendiente"
"PED079","2026-05-23","P103","Hotel Montaña","P007","Miguel Cruz","F007","Finca La Cumbre","Santa Bárbara","L007","Caturra","humedo","estricto","3","1940","5820","cancelado","QR","rechazado"
"PED080","2026-05-05","P104","Exportadora Norte","P008","Elena Flores","F008","Finca Los Pinos","Comayagua","L008","Obatá","seco","convencional","2","1940","3880","entregado","Efectivo","aprobado"
"PED081","2026-05-12","P101","Tostadora Capital","P001","Carlos Martínez","F001","Finca El Paraíso","Lempira","L001","Lempira","humedo","estricto","5","1580","7900","en_ruta","ACH","aprobado"
"PED082","2026-05-19","P102","Café Centro","P002","María Sánchez","F002","Finca Las Colinas","Intibucá","L002","Catuaí Rojo","seco","convencional","6","1580","9480","entregado","BAC","aprobado"
"PED083","2026-05-26","P103","Hotel Montaña","P003","José Hernández","F003","Finca El Roble","Santa Bárbara","L003","Ihcafe 90","humedo","estricto","7","1940","13580","entregado","QR","aprobado"
"PED084","2026-05-08","P104","Exportadora Norte","P004","Ana López","F004","Finca La Esperanza","Comayagua","L004","Bourbón","seco","convencional","10","1940","19400","entregado","Efectivo","aprobado"
"PED085","2026-05-15","P101","Tostadora Capital","P005","Luis Mejía","F005","Finca El Manantial","Lempira","L005","Pacas","humedo","estricto","3","1580","4740","pendiente","ACH","pendiente"
"PED086","2026-05-22","P102","Café Centro","P006","Rosa Aguilar","F006","Finca Buenavista","Intibucá","L006","Parainema","seco","convencional","7","1580","11060","en_ruta","BAC","aprobado"
"PED087","2026-05-04","P103","Hotel Montaña","P007","Miguel Cruz","F007","Finca La Cumbre","Santa Bárbara","L007","Caturra","humedo","estricto","9","1940","17460","entregado","QR","aprobado"
"PED088","2026-05-11","P104","Exportadora Norte","P008","Elena Flores","F008","Finca Los Pinos","Comayagua","L008","Obatá","seco","convencional","8","1940","15520","entregado","Efectivo","aprobado"
"PED089","2026-05-18","P101","Tostadora Capital","P001","Carlos Martínez","F001","Finca El Paraíso","Lempira","L001","Lempira","humedo","estricto","9","1580","14220","entregado","ACH","aprobado"
"PED090","2026-05-25","P102","Café Centro","P002","María Sánchez","F002","Finca Las Colinas","Intibucá","L002","Catuaí Rojo","seco","convencional","5","1580","7900","entregado","BAC","aprobado"
"PED091","2026-06-07","P103","Hotel Montaña","P003","José Hernández","F003","Finca El Roble","Santa Bárbara","L003","Ihcafe 90","humedo","estricto","3","1940","5820","en_ruta","QR","aprobado"
"PED092","2026-06-14","P104","Exportadora Norte","P004","Ana López","F004","Finca La Esperanza","Comayagua","L004","Bourbón","seco","convencional","9","1940","17460","cancelado","Efectivo","rechazado"
"PED093","2026-06-21","P101","Tostadora Capital","P005","Luis Mejía","F005","Finca El Manantial","Lempira","L005","Pacas","humedo","estricto","6","1580","9480","entregado","ACH","aprobado"
"PED094","2026-06-03","P102","Café Centro","P006","Rosa Aguilar","F006","Finca Buenavista","Intibucá","L006","Parainema","seco","convencional","7","1580","11060","entregado","BAC","aprobado"
"PED095","2026-06-10","P103","Hotel Montaña","P007","Miguel Cruz","F007","Finca La Cumbre","Santa Bárbara","L007","Caturra","humedo","estricto","7","1940","13580","entregado","QR","aprobado"
"PED096","2026-06-17","P104","Exportadora Norte","P008","Elena Flores","F008","Finca Los Pinos","Comayagua","L008","Obatá","seco","convencional","2","1940","3880","en_ruta","Efectivo","aprobado"
"PED097","2026-06-24","P101","Tostadora Capital","P001","Carlos Martínez","F001","Finca El Paraíso","Lempira","L001","Lempira","humedo","estricto","2","1580","3160","entregado","ACH","aprobado"
"PED098","2026-06-06","P102","Café Centro","P002","María Sánchez","F002","Finca Las Colinas","Intibucá","L002","Catuaí Rojo","seco","convencional","5","1580","7900","entregado","BAC","aprobado"
"PED099","2026-06-13","P103","Hotel Montaña","P003","José Hernández","F003","Finca El Roble","Santa Bárbara","L003","Ihcafe 90","humedo","estricto","8","1940","15520","pendiente","QR","pendiente"
"PED100","2026-06-20","P104","Exportadora Norte","P004","Ana López","F004","Finca La Esperanza","Comayagua","L004","Bourbón","seco","convencional","2","1940","3880","entregado","Efectivo","aprobado"
"PED101","2026-06-02","P101","Tostadora Capital","P005","Luis Mejía","F005","Finca El Manantial","Lempira","L005","Pacas","humedo","estricto","3","1580","4740","en_ruta","ACH","aprobado"
"PED102","2026-06-09","P102","Café Centro","P006","Rosa Aguilar","F006","Finca Buenavista","Intibucá","L006","Parainema","seco","convencional","3","1580","4740","entregado","BAC","aprobado"
"PED103","2026-06-16","P103","Hotel Montaña","P007","Miguel Cruz","F007","Finca La Cumbre","Santa Bárbara","L007","Caturra","humedo","estricto","2","1940","3880","entregado","QR","aprobado"
"PED104","2026-06-23","P104","Exportadora Norte","P008","Elena Flores","F008","Finca Los Pinos","Comayagua","L008","Obatá","seco","convencional","9","1940","17460","entregado","Efectivo","aprobado"
"PED105","2026-06-05","P101","Tostadora Capital","P001","Carlos Martínez","F001","Finca El Paraíso","Lempira","L001","Lempira","humedo","estricto","9","1580","14220","cancelado","ACH","rechazado"
"PED106","2026-06-12","P102","Café Centro","P002","María Sánchez","F002","Finca Las Colinas","Intibucá","L002","Catuaí Rojo","seco","convencional","3","1580","4740","pendiente","BAC","pendiente"
"PED107","2026-06-19","P103","Hotel Montaña","P003","José Hernández","F003","Finca El Roble","Santa Bárbara","L003","Ihcafe 90","humedo","estricto","9","1940","17460","entregado","QR","aprobado"
"PED108","2026-06-26","P104","Exportadora Norte","P004","Ana López","F004","Finca La Esperanza","Comayagua","L004","Bourbón","seco","convencional","10","1940","19400","entregado","Efectivo","aprobado"
"PED109","2026-07-08","P101","Tostadora Capital","P005","Luis Mejía","F005","Finca El Manantial","Lempira","L005","Pacas","humedo","estricto","3","1580","4740","entregado","ACH","aprobado"
"PED110","2026-07-15","P102","Café Centro","P006","Rosa Aguilar","F006","Finca Buenavista","Intibucá","L006","Parainema","seco","convencional","8","1580","12640","entregado","BAC","aprobado"
"PED111","2026-07-22","P103","Hotel Montaña","P007","Miguel Cruz","F007","Finca La Cumbre","Santa Bárbara","L007","Caturra","humedo","estricto","10","1940","19400","en_ruta","QR","aprobado"
"PED112","2026-07-04","P104","Exportadora Norte","P008","Elena Flores","F008","Finca Los Pinos","Comayagua","L008","Obatá","seco","convencional","8","1940","15520","entregado","Efectivo","aprobado"
"PED113","2026-07-11","P101","Tostadora Capital","P001","Carlos Martínez","F001","Finca El Paraíso","Lempira","L001","Lempira","humedo","estricto","5","1580","7900","pendiente","ACH","pendiente"
"PED114","2026-07-18","P102","Café Centro","P002","María Sánchez","F002","Finca Las Colinas","Intibucá","L002","Catuaí Rojo","seco","convencional","7","1580","11060","entregado","BAC","aprobado"
"PED115","2026-07-25","P103","Hotel Montaña","P003","José Hernández","F003","Finca El Roble","Santa Bárbara","L003","Ihcafe 90","humedo","estricto","5","1940","9700","entregado","QR","aprobado"
"PED116","2026-07-07","P104","Exportadora Norte","P004","Ana López","F004","Finca La Esperanza","Comayagua","L004","Bourbón","seco","convencional","3","1940","5820","en_ruta","Efectivo","aprobado"
"PED117","2026-07-14","P101","Tostadora Capital","P005","Luis Mejía","F005","Finca El Manantial","Lempira","L005","Pacas","humedo","estricto","8","1580","12640","entregado","ACH","aprobado"
"PED118","2026-07-21","P102","Café Centro","P006","Rosa Aguilar","F006","Finca Buenavista","Intibucá","L006","Parainema","seco","convencional","7","1580","11060","cancelado","BAC","rechazado"
"PED119","2026-07-03","P103","Hotel Montaña","P007","Miguel Cruz","F007","Finca La Cumbre","Santa Bárbara","L007","Caturra","humedo","estricto","8","1940","15520","entregado","QR","aprobado"
"PED120","2026-07-10","P104","Exportadora Norte","P008","Elena Flores","F008","Finca Los Pinos","Comayagua","L008","Obatá","seco","convencional","6","1940","11640","pendiente","Efectivo","pendiente"
"PED121","2026-07-17","P101","Tostadora Capital","P001","Carlos Martínez","F001","Finca El Paraíso","Lempira","L001","Lempira","humedo","estricto","10","1580","15800","en_ruta","ACH","aprobado"
"PED122","2026-07-24","P102","Café Centro","P002","María Sánchez","F002","Finca Las Colinas","Intibucá","L002","Catuaí Rojo","seco","convencional","9","1580","14220","entregado","BAC","aprobado"
"PED123","2026-07-06","P103","Hotel Montaña","P003","José Hernández","F003","Finca El Roble","Santa Bárbara","L003","Ihcafe 90","humedo","estricto","5","1940","9700","entregado","QR","aprobado"
"PED124","2026-07-13","P104","Exportadora Norte","P004","Ana López","F004","Finca La Esperanza","Comayagua","L004","Bourbón","seco","convencional","8","1940","15520","entregado","Efectivo","aprobado"
"PED125","2026-07-20","P101","Tostadora Capital","P005","Luis Mejía","F005","Finca El Manantial","Lempira","L005","Pacas","humedo","estricto","7","1580","11060","entregado","ACH","aprobado"
"PED126","2026-07-02","P102","Café Centro","P006","Rosa Aguilar","F006","Finca Buenavista","Intibucá","L006","Parainema","seco","convencional","3","1580","4740","en_ruta","BAC","aprobado"
"PED127","2026-08-09","P103","Hotel Montaña","P007","Miguel Cruz","F007","Finca La Cumbre","Santa Bárbara","L007","Caturra","humedo","estricto","4","1940","7760","pendiente","QR","pendiente"
"PED128","2026-08-16","P104","Exportadora Norte","P008","Elena Flores","F008","Finca Los Pinos","Comayagua","L008","Obatá","seco","convencional","5","1940","9700","entregado","Efectivo","aprobado"
"PED129","2026-08-23","P101","Tostadora Capital","P001","Carlos Martínez","F001","Finca El Paraíso","Lempira","L001","Lempira","humedo","estricto","7","1580","11060","entregado","ACH","aprobado"
"PED130","2026-08-05","P102","Café Centro","P002","María Sánchez","F002","Finca Las Colinas","Intibucá","L002","Catuaí Rojo","seco","convencional","4","1580","6320","entregado","BAC","aprobado"
"PED131","2026-08-12","P103","Hotel Montaña","P003","José Hernández","F003","Finca El Roble","Santa Bárbara","L003","Ihcafe 90","humedo","estricto","6","1940","11640","cancelado","QR","rechazado"
"PED132","2026-08-19","P104","Exportadora Norte","P004","Ana López","F004","Finca La Esperanza","Comayagua","L004","Bourbón","seco","convencional","2","1940","3880","entregado","Efectivo","aprobado"
"PED133","2026-08-26","P101","Tostadora Capital","P005","Luis Mejía","F005","Finca El Manantial","Lempira","L005","Pacas","humedo","estricto","8","1580","12640","entregado","ACH","aprobado"
"PED134","2026-08-08","P102","Café Centro","P006","Rosa Aguilar","F006","Finca Buenavista","Intibucá","L006","Parainema","seco","convencional","8","1580","12640","pendiente","BAC","pendiente"
"PED135","2026-08-15","P103","Hotel Montaña","P007","Miguel Cruz","F007","Finca La Cumbre","Santa Bárbara","L007","Caturra","humedo","estricto","6","1940","11640","entregado","QR","aprobado"
"PED136","2026-08-22","P104","Exportadora Norte","P008","Elena Flores","F008","Finca Los Pinos","Comayagua","L008","Obatá","seco","convencional","9","1940","17460","en_ruta","Efectivo","aprobado"
"PED137","2026-08-04","P101","Tostadora Capital","P001","Carlos Martínez","F001","Finca El Paraíso","Lempira","L001","Lempira","humedo","estricto","6","1580","9480","entregado","ACH","aprobado"
"PED138","2026-08-11","P102","Café Centro","P002","María Sánchez","F002","Finca Las Colinas","Intibucá","L002","Catuaí Rojo","seco","convencional","2","1580","3160","entregado","BAC","aprobado"
"PED139","2026-08-18","P103","Hotel Montaña","P003","José Hernández","F003","Finca El Roble","Santa Bárbara","L003","Ihcafe 90","humedo","estricto","5","1940","9700","entregado","QR","aprobado"
"PED140","2026-08-25","P104","Exportadora Norte","P004","Ana López","F004","Finca La Esperanza","Comayagua","L004","Bourbón","seco","convencional","5","1940","9700","entregado","Efectivo","aprobado"
"PED141","2026-08-07","P101","Tostadora Capital","P005","Luis Mejía","F005","Finca El Manantial","Lempira","L005","Pacas","humedo","estricto","5","1580","7900","pendiente","ACH","pendiente"
"PED142","2026-08-14","P102","Café Centro","P006","Rosa Aguilar","F006","Finca Buenavista","Intibucá","L006","Parainema","seco","convencional","9","1580","14220","entregado","BAC","aprobado"
"PED143","2026-08-21","P103","Hotel Montaña","P007","Miguel Cruz","F007","Finca La Cumbre","Santa Bárbara","L007","Caturra","humedo","estricto","9","1940","17460","entregado","QR","aprobado"
"PED144","2026-08-03","P104","Exportadora Norte","P008","Elena Flores","F008","Finca Los Pinos","Comayagua","L008","Obatá","seco","convencional","10","1940","19400","cancelado","Efectivo","rechazado"